City_ID,City,Lat,Lng,Max Temp,Humidity,Cloudiness,Windspeed,Country,Date
0,puerto natales,-51.7236,-72.4875,48.02,81,100,22.95,CL,1683152781
1,hermanus,-34.4187,19.2345,53.8,86,0,2.53,ZA,1683152781
2,adamstown,-25.066,-130.1015,76.48,67,27,9.46,PN,1683152781
3,grytviken,-54.2811,-36.5092,37.47,94,77,9.24,GS,1683152781
4,marsh harbour,26.5412,-77.0636,77.22,64,96,16.17,BS,1683152781
5,whitehorse,60.7161,-135.0538,47.17,33,75,15.01,CA,1683152770
6,waitangi,-43.9535,-176.5597,61.83,87,45,11.99,NZ,1683152782
7,emkhomazi,-30.2067,30.7978,68.13,84,91,3.49,ZA,1683152782
8,port-aux-francais,-49.35,70.2167,43.84,99,100,9.06,TF,1683152782
9,katsuura,35.1333,140.3,65.62,70,0,15.32,JP,1683152782
10,utrik,11.2278,169.8474,80.6,79,78,18.21,MH,1683152782
11,tiksi,71.6872,128.8694,30.24,84,32,25.12,RU,1683152782
12,noosa heads,-26.3833,153.15,67.1,51,1,5.7,AU,1683152783
13,selfoss,63.9331,-20.9971,40.05,64,95,10.27,IS,1683152783
14,vila franca do campo,37.7167,-25.4333,63.01,81,7,14.29,PT,1683152783
15,yellowknife,62.456,-114.3525,70.32,30,75,18.99,CA,1683152704
16,ploneour-lanvern,47.9,-4.2833,62.92,63,0,8.05,FR,1683152784
17,edinburgh of the seven seas,-37.0676,-12.3116,63.75,87,100,17.22,SH,1683152784
18,tura,25.5198,90.2201,67.37,92,61,3.94,IN,1683152784
19,cabo san lucas,22.8909,-109.9124,79.9,61,100,4.61,MX,1683152785
20,bejaia,36.7559,5.0843,60.6,63,100,3.33,DZ,1683152785
21,aasiaat,68.7098,-52.8699,31.48,98,100,8.93,GL,1683152785
22,wailua homesteads,22.0669,-159.378,79.59,71,0,13.8,US,1683152785
23,horta,38.5333,-28.6333,62.02,81,64,17.0,PT,1683152786
24,bukama,-9.2,25.85,65.14,77,3,1.92,CD,1683152786
25,irati,-25.4672,-50.6511,64.24,88,46,2.08,BR,1683152705
26,papatowai,-46.5619,169.4708,56.5,92,29,1.81,NZ,1683152786
27,tafuna,-14.3358,-170.72,76.95,94,100,12.66,AS,1683152787
28,malabar,-33.9667,151.25,58.75,55,0,19.57,AU,1683152787
29,faya-largeau,17.9257,19.1043,89.44,9,0,7.23,TD,1683152787
30,humberto de campos,-2.5983,-43.4611,77.11,92,100,5.61,BR,1683152787
31,happy valley-goose bay,53.3168,-60.3315,41.31,81,75,16.11,CA,1683152788
32,bilibino,68.0546,166.4372,17.33,87,100,3.56,RU,1683152788
33,kotido,2.9806,34.1331,69.33,76,92,7.27,UG,1683152788
34,khovd,48.0056,91.6419,30.34,56,100,2.75,MN,1683152789
35,mineiros,-17.5694,-52.5511,70.38,67,2,3.09,BR,1683152774
36,isafjordur,66.0755,-23.124000000000002,40.08,74,100,1.83,IS,1683152789
37,aswan,24.0934,32.907,83.53,14,5,6.67,EG,1683152790
38,puerto ayora,-0.7393,-90.3518,87.76,86,12,4.0,EC,1683152790
39,ilulissat,69.2167,-51.1,32.02,100,100,0.0,GL,1683152790
40,blackmans bay,-43.0167,147.3167,43.52,95,10,4.59,AU,1683152790
41,olinda,-8.0089,-34.8553,82.13,74,40,5.75,BR,1683152791
42,pacasmayo,-7.4006,-79.5714,76.86,74,19,14.43,PE,1683152791
43,port mathurin,-19.6833,63.4167,77.81,73,3,11.88,MU,1683152791
44,oltinko'l,40.8011,72.1634,65.05,26,2,5.75,UZ,1683152792
45,rongelap,11.1635,166.8941,81.23,76,100,17.87,MH,1683152792
46,babahoyo,-1.8167,-79.5167,81.64,91,96,1.63,EC,1683152792
47,yaren,-0.5472,166.916,82.74,76,100,8.7,NR,1683152793
48,eastham,41.8301,-69.9739,55.98,75,0,8.05,US,1683152633
49,nantucket,41.2835,-70.0995,55.99,76,0,9.22,US,1683152793
50,guisa,20.255,-76.5386,80.64,69,100,6.11,CU,1683152794
51,burang,30.25,81.1667,29.91,94,100,5.06,CN,1683152794
52,newark,40.7357,-74.1724,55.94,65,75,15.99,US,1683152681
53,nuevitas,21.5453,-77.2644,83.98,67,96,9.24,CU,1683152795
54,palmer,42.1584,-72.3287,57.65,68,75,6.91,US,1683152616
55,portland,45.5234,-122.6762,75.83,57,75,7.0,US,1683152539
56,iqaluit,63.7506,-68.5145,31.69,80,100,11.99,CA,1683152795
57,ushuaia,-54.8,-68.3,46.06,76,75,20.71,AR,1683152796
58,puerto cabezas,14.0351,-83.3888,87.76,79,75,6.91,NI,1683152796
59,antonio enes,-16.2325,39.9086,71.94,70,0,6.98,MZ,1683152796
60,st. john's,47.5649,-52.7093,39.97,96,100,10.36,CA,1683152777
61,tabas,33.5959,56.9244,76.1,28,0,4.83,IR,1683152796
62,ribeira grande,38.5167,-28.7,62.78,82,73,14.0,PT,1683152797
63,babor - ville,36.4899,5.5393,49.5,71,100,3.51,DZ,1683152797
64,crane,31.3974,-102.3501,82.09,41,94,18.12,US,1683152797
65,udachny,66.4167,112.4,34.45,50,100,14.99,RU,1683152797
66,elliot lake,46.3834,-82.6331,43.36,83,91,8.72,CA,1683152797
67,mount gambier,-37.8333,140.7667,52.84,68,100,3.27,AU,1683152510
68,alice springs,-23.7,133.8833,45.95,87,46,7.72,AU,1683152797
69,bethel,41.3712,-73.414,56.52,60,100,5.75,US,1683152798
70,lebu,-37.6167,-73.65,52.21,79,2,20.96,CL,1683152798
71,port elizabeth,-33.918,25.5701,64.69,93,0,1.14,ZA,1683152798
72,vorgashor,67.5833,63.95,21.0,89,100,4.43,RU,1683152798
73,gnesta,59.0475,17.3119,35.67,96,34,4.27,SE,1683152798
74,gaspra,44.4333,34.1,51.22,76,8,10.25,UA,1683152798
75,badger,64.8,-147.5333,48.45,38,75,6.91,US,1683152554
76,cockburn town,21.4612,-71.1419,80.8,75,98,7.09,TC,1683152799
77,letlhakane,-21.4167,25.5833,67.78,47,9,8.81,BW,1683152799
78,petropavlovsk-kamchatsky,53.0452,158.6483,39.79,70,75,4.47,RU,1683152799
79,fuli,46.7217,131.1394,55.53,69,100,13.98,CN,1683152799
80,gadzhiyevo,69.2551,33.3362,28.54,88,100,25.14,RU,1683152799
81,touros,-5.1989,-35.4608,80.02,78,97,10.96,BR,1683152799
82,west island,-12.1568,96.8225,76.98,88,40,5.75,CC,1683152800
83,georgetown,5.4112,100.3354,80.53,93,20,3.44,MY,1683152654
84,del rio,29.3627,-100.8968,85.23,55,40,14.97,US,1683152672
85,kodiak,57.79,-152.4072,38.71,87,100,12.66,US,1683152800
86,new norfolk,-42.7826,147.0587,44.71,90,15,2.21,AU,1683152800
87,gaigeturi,33.4644,126.3183,60.85,100,100,2.3,KR,1683152800
88,albany,42.6001,-73.9662,48.63,82,99,5.79,US,1683152617
89,bredasdorp,-34.5322,20.0403,54.66,91,0,2.33,ZA,1683152801
90,lospalos,-8.5186,127.0025,71.65,90,55,6.08,TL,1683152801
91,chandbali,20.7833,86.7667,81.45,65,99,6.29,IN,1683152801
92,chibougamau,49.9168,-74.3659,44.22,65,100,13.8,CA,1683152801
93,nueve de julio,-35.4444,-60.8831,56.97,49,0,6.33,AR,1683152801
94,meulaboh,4.1363,96.1285,77.61,89,100,3.78,ID,1683152802
95,weno,7.4515,151.8468,76.42,94,100,3.13,FM,1683152802
96,punta arenas,-53.15,-70.9167,48.11,81,75,10.36,CL,1683152657
97,hobbs,32.7026,-103.13600000000001,82.49,35,40,16.11,US,1683152802
98,langepas,61.2544,75.2124,38.1,87,99,7.61,RU,1683152802
99,flying fish cove,-10.4217,105.6791,80.28,89,40,4.61,CX,1683152802
100,majene,-3.5403,118.9707,78.1,90,16,5.57,ID,1683152802
101,dourbali,11.8091,15.8632,91.27,35,60,9.01,TD,1683152803
102,lihue,21.9789,-159.3672,80.19,71,0,13.8,US,1683152803
103,mount pearl,47.5166,-52.7813,39.15,96,100,10.36,CA,1683152803
104,kalajoki,64.25,23.95,31.91,82,40,12.12,FI,1683152803
105,pico truncado,-46.7949,-67.9573,53.71,53,100,23.38,AR,1683152803
106,fale old settlement,-9.3852,-171.2468,84.22,74,75,14.58,TK,1683152803
107,nar'yan-mar,67.6713,53.086999999999996,30.99,93,97,10.27,RU,1683152804
108,hasaki,35.7333,140.8333,68.22,72,1,14.58,JP,1683152805
109,tazovsky,67.4667,78.7,20.19,93,63,7.78,RU,1683152805
110,wajir,1.7471,40.0573,77.05,69,5,8.63,KE,1683152805
111,pecos,31.4229,-103.4932,85.3,32,40,10.36,US,1683152805
112,valparaiso,-33.0393,-71.6273,59.23,76,0,6.91,CL,1683152513
113,mugia,43.1041,-9.2179,62.91,86,51,17.52,ES,1683152805
114,el granada,37.5027,-122.4694,59.45,83,75,4.61,US,1683152806
115,zhangye,38.9342,100.4517,50.11,26,100,3.38,CN,1683152806
116,matoury,4.8483,-52.3317,80.56,78,20,4.61,GF,1683152806
117,tobelo,1.7284,128.0095,81.01,84,98,3.15,ID,1683152806
118,jurilovca,44.7667,28.8667,52.03,82,77,7.18,RO,1683152806
119,mogok,22.9167,96.5,66.88,59,21,1.32,MM,1683152806
120,las khorey,11.1595,48.1967,85.08,77,85,1.66,SO,1683152807
121,san carlos,9.6612,-68.5827,92.26,31,43,3.42,VE,1683152807
122,akrehamn,59.2667,5.1833,43.05,81,16,16.11,NO,1683152807
123,leava,-14.3,-178.1667,82.78,76,27,19.62,WF,1683152807
124,la ronge,55.1001,-105.2842,71.82,16,75,9.22,CA,1683152807
125,forster,-32.1667,152.5167,61.38,64,0,4.0,AU,1683152807
126,mitsamiouli,-11.3847,43.2844,79.88,74,3,8.55,KM,1683152807
127,odiongan,12.4017,121.9919,80.4,83,100,16.11,PH,1683152808
128,huambo,-12.7761,15.7392,60.6,63,11,5.75,AO,1683152808
129,kingston,17.997,-76.7936,87.24,71,20,20.71,JM,1683152805
130,chonchi,-42.6128,-73.8092,52.12,93,100,0.78,CL,1683152808
131,kalmunai,7.4167,81.8167,79.84,83,100,4.79,LK,1683152808
132,ad dilam,23.9915,47.1627,81.01,18,1,7.0,SA,1683152808
133,vernon,50.2581,-119.2691,83.3,33,49,2.3,CA,1683152635
134,samarinda,-0.5,117.15,73.99,99,38,1.5,ID,1683152809
135,caleta de carquin,-11.0925,-77.6267,74.98,78,35,10.25,PE,1683152809
136,klyuchi,52.2667,79.1667,40.66,51,32,5.68,RU,1683152809
137,severo-yeniseyskiy,60.3725,93.0408,28.02,95,100,3.51,RU,1683152809
138,thompson,55.7435,-97.8558,50.16,62,40,9.22,CA,1683152809
139,galle,6.0367,80.217,79.61,83,100,5.7,LK,1683152809
140,kismayo,-0.3582,42.5454,79.7,81,7,11.16,SO,1683152810
141,kavaratti,10.5669,72.642,83.52,67,52,9.42,IN,1683152810
142,karungdong,5.8844,121.26299999999999,80.83,82,91,1.68,PH,1683152810
143,minot,48.2325,-101.2963,79.02,14,0,5.75,US,1683152810
144,posto fiscal rolim de moura,-13.0833,-62.2667,75.97,92,92,1.25,BR,1683152810
145,eydhafushi,5.1033,73.0708,83.95,74,100,17.05,MV,1683152810
146,cadale,2.7603,46.3222,83.44,76,100,16.96,SO,1683152810
147,saldanha,-33.0117,17.9442,53.65,85,12,14.97,ZA,1683152811
148,nagqu,31.5,92.0,27.48,97,100,4.45,CN,1683152811
149,avarua,-21.2078,-159.775,75.25,94,100,20.71,CK,1683152811
150,akureyri,65.6835,-18.0878,42.73,70,0,4.61,IS,1683152811
151,naze,28.3667,129.4833,68.92,76,90,13.27,JP,1683152811
152,tejen,37.3834,60.5054,64.99,66,92,18.52,TM,1683152812
153,north bay,46.3168,-79.4663,53.62,76,40,11.5,CA,1683152812
154,taro,-8.3862,115.28,73.4,93,33,1.01,ID,1683152812
155,kandukur,15.2167,79.9167,82.15,82,91,4.76,IN,1683152812
156,kruisfontein,-34.0033,24.7314,55.89,91,0,4.41,ZA,1683152812
157,college,64.8569,-147.8028,48.52,45,75,6.91,US,1683152812
158,tromso,69.6496,18.957,30.22,64,75,2.3,NO,1683152583
159,grand falls-windsor,48.9332,-55.6649,41.5,91,100,1.99,CA,1683152813
160,keflavik,64.0049,-22.5624,42.71,81,100,14.97,IS,1683152813
161,karaton,-6.3424,106.1045,74.48,95,97,1.16,ID,1683152813
162,newman,37.3138,-121.0208,63.28,70,100,5.01,US,1683152813
163,alpena,45.0617,-83.4327,55.72,60,75,11.5,US,1683152813
164,castillos,-34.1667,-53.8333,57.43,70,3,5.57,UY,1683152813
165,takaungu,-3.6837,39.8566,78.13,83,3,12.91,KE,1683152813
166,port augusta,-32.5,137.7667,52.92,74,2,1.81,AU,1683152814
167,sinabang,2.4803,96.3801,80.33,80,95,1.23,ID,1683152814
168,taksimo,56.3444,114.8794,32.52,72,100,4.45,RU,1683152814
169,eyl,7.9803,49.8164,84.27,76,33,14.47,SO,1683152814
170,tres coracoes,-21.6969,-45.2533,62.89,78,0,2.66,BR,1683152674
171,qaqortoq,60.7167,-46.0333,35.44,69,77,2.24,GL,1683152814
172,jamestown,42.097,-79.2353,44.02,89,100,9.22,US,1683152682
173,baukau,51.5526,7.2042,51.91,62,69,1.99,DE,1683152815
174,coquimbo,-29.9533,-71.3436,56.93,88,20,8.05,CL,1683152815
175,ust-nera,64.5667,143.2,25.81,88,81,2.26,RU,1683152815
176,vorkuta,67.5,64.0,20.66,89,100,3.96,RU,1683152815
177,kitimat,54.0524,-128.6534,59.38,77,100,1.1,CA,1683152815
178,port lincoln,-34.7333,135.8667,58.68,60,98,4.07,AU,1683152815
179,hamilton,39.1834,-84.5333,60.39,55,75,16.11,US,1683152610
180,revda,56.801,59.9303,57.97,48,100,7.45,RU,1683152816
181,kochi,9.9399,76.2602,78.78,80,100,4.34,IN,1683152693
182,papao,-17.75,-149.55,87.48,82,30,21.65,PF,1683152816
183,dudinka,69.4058,86.1778,31.62,90,100,12.46,RU,1683152816
184,box elder,41.5005,-112.8764,65.14,31,100,1.95,US,1683152816
185,mejit,10.2753,170.8646,80.67,80,83,17.78,MH,1683152816
186,menongue,-14.6585,17.691,61.12,52,1,4.03,AO,1683152816
187,atafu village,-8.5421,-172.5159,84.13,70,60,15.68,TK,1683152817
188,priob'ye,62.5206,65.5964,37.63,100,100,7.43,RU,1683152817
189,howard springs,-12.497,131.047,73.87,77,51,6.73,AU,1683152817
190,kudahuvadhoo,2.6708,72.8944,81.79,79,100,18.14,MV,1683152817
191,sonneberg,50.35,11.1667,45.1,71,14,4.36,DE,1683152817
192,glace bay,46.1969,-59.957,38.89,91,100,8.05,CA,1683152817
193,talnakh,69.4865,88.3972,31.21,94,100,10.47,RU,1683152817
194,geraldton,-28.7667,114.6,55.81,67,44,4.61,AU,1683152818
195,lata,40.1629,-8.3327,62.82,97,19,3.11,PT,1683152818
196,bubaque,11.2833,-15.8333,79.21,78,10,12.5,GW,1683152818
197,charters towers,-20.1,146.2667,69.4,77,41,7.78,AU,1683152818
198,gordonvale,-17.0936,145.7842,79.9,88,100,6.13,AU,1683152742
199,kirensk,57.7853,108.1119,29.79,93,99,2.42,RU,1683152818
200,stanley,54.868,-1.6985,45.52,79,0,5.75,GB,1683152819
201,nemuro,43.3236,145.575,46.87,75,72,8.34,JP,1683152819
202,kangding,30.0513,101.9603,49.77,66,1,8.05,CN,1683152819
203,sal rei,16.1833,-22.9167,73.2,84,62,15.3,CV,1683152819
204,florida ridge,27.5803,-80.3867,87.01,51,0,9.22,US,1683152819
205,dobrinka,52.1653,40.4731,50.74,84,87,7.4,RU,1683152819
206,melfort,52.8667,-104.6177,73.53,15,0,9.22,CA,1683152819
207,curillo,1.0333,-75.9191,75.69,94,72,0.96,CO,1683152820
208,quellon,-43.1167,-73.6167,50.25,93,100,5.75,CL,1683152820
209,buka,40.8108,69.1986,52.23,37,98,7.47,UZ,1683152820
210,chui,-33.6971,-53.4616,58.93,71,3,6.67,UY,1683152646
211,haiku-pauwela,20.9219,-156.3051,84.22,59,20,17.27,US,1683152820
212,sergokala,42.4547,47.6612,56.5,72,66,5.08,RU,1683152820
213,pea ridge,38.414,-82.3199,57.97,69,82,1.01,US,1683152821
214,rio grande,-32.035,-52.0986,64.51,91,100,13.78,BR,1683152545
215,petrolina,-9.3986,-40.5008,82.45,69,40,5.75,BR,1683152821
216,kill devil hills,36.0307,-75.676,59.99,52,40,11.5,US,1683152821
217,khorixas,-20.3667,14.9667,70.48,25,7,6.49,,1683152821
218,post,33.1909,-101.3782,84.06,28,70,8.88,US,1683152821
219,pisco,-13.7,-76.2167,71.65,73,0,23.02,PE,1683152822
220,sumbawa besar,-8.5,117.4333,72.99,91,25,3.94,ID,1683152822
221,igarka,67.4667,86.5833,20.95,97,57,6.4,RU,1683152822
222,howrah,22.5892,88.3103,80.6,83,75,0.0,IN,1683152822
223,nyurba,63.2842,118.3319,25.3,91,94,8.21,RU,1683152823
224,tolanaro,-25.0319,46.9987,71.67,83,75,13.8,MG,1683152823
225,hithadhoo,-0.6,73.0833,79.02,89,100,28.66,MV,1683152823
226,sultanah,24.4926,39.5857,84.65,18,0,2.3,SA,1683152814
227,anadyr,64.75,177.4833,19.9,68,0,6.71,RU,1683152824
228,volchikha,52.0333,80.3833,36.91,69,14,5.55,RU,1683152824
229,la'ie,21.6477,-157.9253,84.16,70,69,14.43,US,1683152824
230,tangalle,6.024,80.7911,78.94,81,99,6.11,LK,1683152825
231,pitoa,9.3833,13.5333,83.3,51,94,3.02,CM,1683152825
232,khandyga,62.6667,135.6,31.17,77,10,4.14,RU,1683152825
233,babana,10.4295,3.815,86.41,42,26,5.75,NG,1683152826
234,hawaiian paradise park,19.5933,-154.9731,81.03,74,40,8.05,US,1683152826
235,suomussalmi,64.8869,28.9078,23.49,97,40,6.55,FI,1683152826
236,inari,68.906,27.0288,26.8,83,100,9.91,FI,1683152827
237,sechura,-5.5569,-80.8222,83.82,59,16,14.14,PE,1683152827
238,gisborne,-38.6533,178.0042,63.84,85,94,4.68,NZ,1683152828
239,yerofey pavlovich,53.9667,121.9667,37.13,54,95,9.82,RU,1683152828
240,taroa,8.7058,171.2275,80.1,85,100,14.94,MH,1683152828
241,fortuna,40.5982,-124.1573,61.93,74,32,5.01,US,1683152829
242,durban,-29.8579,31.0292,68.92,84,95,3.51,ZA,1683152829
243,pacific grove,36.6177,-121.9166,57.15,86,100,4.61,US,1683152829
244,port alfred,-33.5906,26.891,62.19,94,11,11.07,ZA,1683152829
245,kapuskasing,49.4169,-82.4331,46.49,76,75,6.91,CA,1683152830
246,polyarnyy,69.1989,33.4478,28.89,90,100,24.81,RU,1683152830
247,rabo de peixe,37.8,-25.5833,62.11,72,40,19.57,PT,1683152830
248,roma,43.2128,-75.4557,46.54,89,100,9.22,US,1683152831
249,santa rosa,14.3122,121.1114,83.01,77,99,10.27,PH,1683152831
250,iskateley,67.6803,53.1512,30.97,92,97,10.22,RU,1683152831
251,lobujya,27.95,86.8167,20.12,96,99,4.07,NP,1683152832
252,viedma,-40.8135,-62.9967,62.96,29,69,11.9,AR,1683152832
253,zakharivka,47.3333,29.75,46.92,78,81,6.73,UA,1683152832
254,ulladulla,-35.35,150.4667,52.43,63,22,5.17,AU,1683152832
255,hobyo,5.3505,48.5268,83.23,77,97,17.25,SO,1683152833
256,ad dabbah,18.05,30.95,81.72,8,2,10.47,SD,1683152833
257,sitka,57.0531,-135.33,46.29,66,100,6.91,US,1683152833
258,ust'-ilimsk,58.0006,102.6619,24.46,98,61,0.22,RU,1683152834
259,invercargill,-46.4,168.35,56.39,94,74,1.3,NZ,1683152581
260,inebolu,41.9747,33.7608,55.09,66,33,5.26,TR,1683152834
261,port-vila,-17.7338,168.3219,81.64,74,7,13.73,VU,1683152835
262,salalah,17.0151,54.0924,86.09,79,75,5.75,OM,1683152835
263,fort bragg,35.139,-79.006,66.9,35,0,14.97,US,1683152835
264,sejenane,37.0572,9.2381,54.55,94,5,7.02,TN,1683152836
265,korhogo,9.45,-5.6333,80.51,53,40,3.42,CI,1683152836
266,sao joao da barra,-21.6403,-41.0511,73.49,84,1,6.62,BR,1683152836
267,calama,-22.4667,-68.9333,70.29,11,40,17.27,CL,1683152667
268,cam ranh,11.9214,109.1591,76.96,88,20,3.44,VN,1683152837
269,enewetak,11.3474,162.3373,80.87,78,100,18.77,MH,1683152837
270,tocopilla,-22.092,-70.1979,67.86,73,69,10.78,CL,1683152838
271,vytegra,61.0064,36.4481,32.22,93,60,3.47,RU,1683152838
272,loukhi,66.0764,33.0381,29.93,90,100,11.99,RU,1683152838
273,port saint john's,-31.6229,29.5448,66.11,87,8,6.91,ZA,1683152838
274,kaiapoi,-43.3783,172.6401,66.09,67,100,9.22,NZ,1683152839
275,aleksandrovskoye,44.7142,43.0008,47.1,87,95,8.41,RU,1683152839
276,sharkan,57.2989,53.8712,51.1,85,100,1.32,RU,1683152839
277,camiri,-20.05,-63.5167,58.78,77,100,0.0,BO,1683152840
278,kargasok,59.0556,80.8572,44.15,61,100,7.83,RU,1683152840
279,coahuayana de hidalgo,18.7,-103.6583,91.29,36,61,7.07,MX,1683152841
280,kingisepp,59.3733,28.6134,36.27,95,89,4.61,RU,1683152841
281,shakawe,-18.3667,21.85,67.44,42,10,3.83,BW,1683152842
282,porto novo,6.4965,2.6036,84.02,81,68,5.64,BJ,1683152842
283,kapa'a,22.0752,-159.319,80.92,71,0,13.8,US,1683152842
284,kerema,-7.9631,145.7785,80.56,82,90,2.39,PG,1683152843
285,beau vallon,-20.4189,57.6953,74.21,94,75,3.44,MU,1683152843
286,tosontsengel,48.7567,98.2839,25.11,67,83,4.07,MN,1683152843
287,uturoa,-16.7333,-151.4333,82.62,79,28,18.1,PF,1683152843
288,tsumeb,-19.2333,17.7167,70.43,31,72,7.09,,1683152844
289,minas de marcona,-15.2119,-75.1103,63.1,74,16,17.02,PE,1683152844
290,nalut,30.3333,10.85,70.57,20,12,8.7,LY,1683152844
291,matveyev kurgan,47.5645,38.8695,51.28,72,14,3.15,RU,1683152845
292,zakynthos,37.7914,20.8953,61.65,85,91,19.22,GR,1683152845
293,cova figueira,14.8905,-24.2934,73.94,61,7,9.66,CV,1683152845
294,margaret river,-33.95,115.0667,55.83,79,90,7.76,AU,1683152845
295,wynne,35.2245,-90.7868,68.83,36,2,4.97,US,1683152846
296,yeppoon,-23.1333,150.7333,64.18,57,9,7.67,AU,1683152846
297,agaro,7.85,36.65,61.63,99,100,3.02,ET,1683152846
298,mount isa,-20.7333,139.5,67.77,32,7,9.22,AU,1683152847
299,senica,48.6792,17.367,50.79,90,29,6.17,SK,1683152847
300,hadibu,12.65,54.0333,84.07,79,100,2.89,YE,1683152847
301,viqueque,-8.8673,126.3658,77.23,85,82,5.39,TL,1683152847
302,hirtshals,57.5881,9.9592,42.94,86,4,3.91,DK,1683152848
303,colonia,50.9333,6.95,53.85,66,0,3.44,DE,1683152727
304,east london,-33.0153,27.9116,65.17,86,2,9.4,ZA,1683152849
305,shengli,37.4564,118.4856,60.84,87,100,12.53,CN,1683152849
306,priargunsk,50.3691,119.1012,40.86,27,61,6.35,RU,1683152849
307,longyearbyen,78.2186,15.6401,22.84,86,75,1.14,SJ,1683152850
308,sao gabriel da cachoeira,-0.1303,-67.0892,80.58,79,100,1.97,BR,1683152850
309,labytnangi,66.6572,66.4183,28.18,99,100,1.41,RU,1683152850
310,kerikeri,-35.2268,173.9474,65.91,96,100,3.0,NZ,1683152850
311,aykhal,66.0,111.5,27.79,93,100,16.84,RU,1683152851
312,jatiroto,-7.8833,111.1167,75.04,95,100,1.3,ID,1683152851
313,tokar,18.4254,37.729,78.71,61,1,5.48,SD,1683152851
314,luderitz,-26.6481,15.1594,57.34,77,44,8.81,,1683152851
315,acapulco de juarez,16.8634,-99.8901,87.62,66,0,10.36,MX,1683152569
316,gorom-gorom,14.4439,-0.2361,93.13,20,21,1.79,BF,1683152852
317,aqsay,51.1678,52.995,60.49,25,59,16.13,KZ,1683152852
318,andergrove,-21.0833,149.1833,71.65,70,18,13.8,AU,1683152853
319,oyama,36.3,139.8,62.35,49,0,2.06,JP,1683152853
320,sisimiut,66.9395,-53.6735,34.07,95,100,31.72,GL,1683152853
321,san jeronimo,-11.9472,-75.2829,58.23,65,73,4.25,PE,1683152854
322,fyodorovka,53.6314,62.7078,52.12,35,2,10.83,KZ,1683152855
323,mizdah,31.4451,12.9801,63.3,52,0,8.34,LY,1683152856
324,martapura,-3.4167,114.85,75.29,100,40,3.44,ID,1683152856
325,san antonio de pale,-1.4014,5.6325,82.78,74,84,2.46,GQ,1683152856
326,tlaltenango de sanchez roman,21.7833,-103.3167,88.23,8,86,10.69,MX,1683152856
327,lagoa,39.05,-27.9833,60.21,77,9,23.31,PT,1683152856
328,necochea,-38.5473,-58.7368,56.3,48,0,8.88,AR,1683152857
329,antofagasta,-23.65,-70.4,60.08,79,55,8.05,CL,1683152857
330,christchurch,-43.5333,172.6333,65.95,65,100,9.22,NZ,1683152678
331,praia da vitoria,38.7333,-27.0667,62.85,72,20,12.21,PT,1683152857
332,ocean shores,46.9737,-124.1563,58.95,84,100,9.22,US,1683152751
333,usinsk,65.9939,57.5281,34.07,99,100,10.09,RU,1683152857
334,island harbour,50.724,-1.2758,52.47,80,100,5.01,GB,1683152858
335,broome,42.2506,-75.833,44.19,99,100,5.08,US,1683152858
336,jertih,5.7336,102.4897,76.33,88,86,3.02,MY,1683152858
337,kuraymah,18.55,31.85,82.17,8,0,11.45,SD,1683152858
338,sundsvall,62.3913,17.3063,30.16,55,74,5.75,SE,1683152858
339,kolonia,50.9333,6.95,53.85,66,0,3.44,DE,1683152845
340,taltal,-25.4,-70.4833,63.75,74,3,4.07,CL,1683152858
341,lompoc,34.6391,-120.4579,58.78,79,100,17.27,US,1683152859
342,olonkinbyen,70.9221,-8.7187,31.06,77,43,17.74,SJ,1683152859
343,san pedro pochutla,15.7333,-96.4667,90.72,46,6,7.05,MX,1683152859
344,moyynkum,44.2914,72.9469,42.93,27,0,19.8,KZ,1683152859
345,nurabad,34.0734,47.9725,40.89,39,0,2.17,IR,1683152859
346,constantia,44.1833,28.65,52.7,85,99,6.69,RO,1683152645
347,russas,-4.9403,-37.9758,79.16,76,82,7.54,BR,1683152859
348,gebeit,21.0667,36.3167,77.56,23,0,3.51,SD,1683152860
349,jimenez,28.3333,-105.4,88.59,12,83,7.02,MX,1683152860
350,san mariano,7.5,126.0,73.45,94,85,1.95,PH,1683152860
351,khash,28.2211,61.2158,69.1,29,5,3.94,IR,1683152860
352,sur,22.5667,59.5289,81.07,75,0,2.89,OM,1683152860
353,burao,9.5221,45.5336,74.59,71,100,6.44,SO,1683152860
354,ola,59.5833,151.2833,35.15,80,100,2.71,RU,1683152860
355,hani,38.4167,40.4,47.05,45,0,6.71,TR,1683152861
356,westport,41.1415,-73.3579,57.25,60,0,5.99,US,1683152622
357,acarau,-2.8856,-40.12,78.49,86,33,10.38,BR,1683152591
358,ancud,-41.8697,-73.8203,49.95,87,100,2.46,CL,1683152861
359,verkhovyna,48.1557,24.7911,51.24,99,100,2.89,UA,1683152861
360,sarykemer,43.0,71.5,33.28,44,0,14.56,KZ,1683152861
361,queenstown,-31.8976,26.8753,48.2,86,1,1.59,ZA,1683152861
362,bodaybo,57.8506,114.1933,31.69,95,100,1.52,RU,1683152862
363,saint-pierre,-21.3393,55.4781,73.08,64,75,10.36,RE,1683152862
364,usogorsk,63.4106,48.6872,42.69,74,86,10.78,RU,1683152862
365,ritchie,-29.038,24.6028,49.21,12,90,1.68,ZA,1683152862
366,korla,41.7597,86.1469,42.49,79,100,24.63,CN,1683152862
367,hilo,19.7297,-155.09,82.27,70,40,8.99,US,1683152856
368,nerekhta,57.4588,40.5747,40.89,76,87,4.63,RU,1683152863
369,kisangani,0.5167,25.2,68.23,99,100,1.79,CD,1683152863
370,saint-philippe,-21.3585,55.7679,72.99,82,83,9.53,RE,1683152863
371,inhambane,-23.865,35.3833,69.71,79,0,6.04,MZ,1683152854
372,mahanoro,-19.9,48.8,72.07,86,99,4.36,MG,1683152863
373,dingzhou,38.5131,114.9956,64.51,70,100,16.44,CN,1683152863
374,farasan,16.7022,42.1183,84.49,73,100,18.84,SA,1683152863
375,takoradi,4.8845,-1.7554,81.18,80,19,6.69,GH,1683152864
376,barra de santo antonio,-9.4047,-35.5072,78.08,84,100,6.98,BR,1683152864
377,ponoka,52.6768,-113.5815,80.89,28,76,14.52,CA,1683152690
378,miri,4.4148,114.0089,77.14,100,40,2.3,MY,1683152864
379,waingapu,-9.6567,120.2641,77.22,88,72,9.08,ID,1683152864
380,unai,-16.3575,-46.9061,74.28,49,1,2.98,BR,1683152681
381,qarazhal,48.0078,70.7903,39.56,40,0,9.13,KZ,1683152864
382,esmeraldas,-19.7625,-44.3139,76.06,62,0,3.58,BR,1683152865
383,grande prairie,55.1667,-118.8027,80.78,19,20,21.85,CA,1683152766
384,bria,6.5423,21.9863,70.34,96,85,1.68,CF,1683152865
385,dunedin,-45.8742,170.5036,57.79,98,85,1.99,NZ,1683152865
386,ratnagiri,16.9833,73.3,79.02,77,69,5.84,IN,1683152865
387,ryotsu-minato,38.0833,138.4333,59.95,63,0,7.34,JP,1683152823
388,malvan,16.0667,73.4667,79.83,75,58,7.65,IN,1683152865
389,taoudenni,22.6783,-3.9836,95.31,7,67,9.35,ML,1683152866
390,igugunu,-4.5667,34.6333,63.68,84,95,6.49,TZ,1683152866
391,shiyan,32.6475,110.7781,66.78,93,100,2.44,CN,1683152866
392,fada,9.5667,8.3,75.69,68,99,0.51,NG,1683152866
393,mwanza,-2.5167,32.9,68.05,100,75,0.0,TZ,1683152866
394,toormina,-30.3526,153.0903,62.49,67,0,9.22,AU,1683152866
395,puerto deseado,-47.7503,-65.8938,58.68,50,66,11.97,AR,1683152867
396,manokwari,-0.8667,134.0833,79.83,74,78,2.73,ID,1683152867
397,tual,-5.6667,132.75,82.94,80,62,11.72,ID,1683152867
398,remire-montjoly,4.9167,-52.2667,80.64,78,20,4.61,GF,1683152867
399,vilyuysk,63.7553,121.6247,26.6,90,91,8.52,RU,1683152867
400,san andres,12.5847,-81.7006,86.02,70,75,14.97,CO,1683152867
401,glenwood springs,39.5505,-107.3248,76.01,23,0,0.0,US,1683152867
402,pudasjarvi,65.3833,26.9167,28.45,97,70,7.56,FI,1683152868
403,camarinas,43.1311,-9.1817,62.92,86,54,16.98,ES,1683152868
404,carnarvon,-24.8667,113.6333,72.48,61,69,8.03,AU,1683152868
405,kununurra,-15.7667,128.7333,66.18,55,68,2.3,AU,1683152868
406,gizo,-8.103,156.8419,83.89,76,100,8.21,SB,1683152868
407,zaragoza,41.6561,-0.8773,70.25,48,0,14.97,ES,1683152868
408,ebon,4.582,168.6964,83.21,75,25,12.03,MH,1683152869
409,tanout,14.9709,8.8879,87.13,14,0,9.51,NE,1683152869
410,egilsstadir,65.2653,-14.3948,37.31,65,0,11.5,IS,1683152869
411,val-d'or,48.1002,-77.7828,51.89,62,75,13.8,CA,1683152720
412,ed damer,17.5928,33.9592,85.1,12,6,11.52,SD,1683152869
413,corbasca,46.2833,27.1667,52.83,68,93,11.05,RO,1683152869
414,selkirk,50.1436,-96.8845,72.07,37,44,14.94,CA,1683152869
415,kolonia town,6.9639999999999995,158.20600000000002,82.51,94,100,3.44,FM,1683152870
416,turan,16.0678,108.2208,78.78,94,20,2.3,VN,1683152870
417,basco,20.4487,121.9702,79.7,88,2,17.4,PH,1683152870
418,bonthe,7.5264,-12.505,73.98,93,72,9.35,SL,1683152870
419,namibe,-15.1961,12.1522,75.45,75,18,2.15,AO,1683152870
420,ketchikan,55.3422,-131.6461,54.07,50,20,12.66,US,1683152870
421,belmonte,-15.8631,-38.8828,76.82,83,1,5.21,BR,1683152871
422,san luis de la loma,17.2706,-100.8939,89.22,47,12,6.64,MX,1683152871
423,bamboo flat,11.7,92.7167,83.66,76,66,2.48,IN,1683152871
424,weiser,44.251000000000005,-116.9693,84.4,25,43,3.0,US,1683152871
425,hammerfest,70.6634,23.6821,28.85,80,75,11.5,NO,1683152871
426,winnemucca,40.973,-117.7357,66.25,24,20,6.91,US,1683152702
427,bandarbeyla,9.4942,50.8122,83.5,84,63,14.65,SO,1683152872
428,souillac,-20.5167,57.5167,73.78,94,75,3.44,MU,1683152872
429,todos santos,23.45,-110.2167,65.44,76,100,12.48,MX,1683152872
430,codrington,-38.2667,141.9667,54.5,65,99,4.74,AU,1683152872
431,vilyuchinsk,52.9306,158.4028,41.27,82,49,2.39,RU,1683152872
432,hibbing,47.4272,-92.9377,67.42,19,75,5.75,US,1683152872
433,sale,34.0389,-6.8166,67.75,94,97,0.0,MA,1683152873
434,severnoye,56.3491,78.3619,42.66,50,93,5.66,RU,1683152873
435,atamyrat,37.8357,65.2106,70.02,12,71,10.33,TM,1683152873
436,tieli,46.95,128.05,54.41,80,100,10.58,CN,1683152873
437,shenkursk,62.1091,42.896,35.56,85,55,8.08,RU,1683152873
438,santa cruz,-17.8,-63.1667,60.26,82,75,11.5,BO,1683152873
439,cole harbour,44.6724,-63.4751,38.98,93,100,13.8,CA,1683152873
440,yarmouth,41.7057,-70.2286,56.14,73,0,8.05,US,1683152874
441,chilca,-12.5211,-76.7372,71.92,85,46,6.71,PE,1683152874
442,nikolayevsk-on-amure,53.1406,140.73,37.98,85,96,6.82,RU,1683152874
443,vrangel',42.7297,133.0839,49.82,71,76,4.94,RU,1683152874
444,hirara,24.8,125.2833,77.27,88,75,10.36,JP,1683152874
445,calingasta,-31.3308,-69.4078,60.26,27,0,4.23,AR,1683152874
446,mao,39.8885,4.2658,57.76,88,0,1.14,ES,1683152874
447,nova sintra,14.8667,-24.7167,71.13,75,14,12.73,CV,1683152875
448,ceerigaabo,10.6162,47.368,66.96,73,67,4.65,SO,1683152875
449,susuman,62.7833,148.1667,24.75,88,98,1.43,RU,1683152875
450,el charco,2.4769,-78.1105,82.63,82,95,5.1,CO,1683152875
451,sao vicente,-23.9631,-46.3919,78.98,26,35,1.23,BR,1683152875
452,okhotsk,59.3833,143.3,32.02,78,100,2.62,RU,1683152875
453,kulhudhuffushi,6.6221,73.07,83.79,74,92,14.47,MV,1683152875
454,fort mcmurray,56.7268,-111.381,85.59,15,0,14.97,CA,1683152876
455,san patricio,28.017,-97.5169,83.16,61,100,11.97,US,1683152876
456,puerto madryn,-42.7692,-65.0385,64.18,43,7,10.96,AR,1683152876
457,ishigaki,24.3448,124.1572,77.13,94,75,8.05,JP,1683152876
458,arenas de san pedro,40.2104,-5.0869,61.09,58,43,5.17,ES,1683152876
459,tutayev,57.8853,39.5406,36.93,83,47,5.23,RU,1683152876
460,kailua-kona,19.6406,-155.9956,82.36,74,20,11.5,US,1683152876
461,ligatne,57.2343,25.0406,36.25,89,1,4.18,LV,1683152877
462,zhosaly,45.4878,64.0781,53.65,21,97,20.74,KZ,1683152877
463,tema,5.667000000000001,-0.0166,82.81,83,20,5.75,GH,1683152877
464,la sarre,48.8002,-79.1996,46.51,74,100,7.78,CA,1683152877
465,berdigestyakh,62.0989,126.6992,25.02,96,82,8.28,RU,1683152877
466,afaahiti,-17.75,-149.2833,85.87,82,57,18.57,PF,1683152877
467,callao,-12.0667,-77.15,73.69,78,100,11.5,PE,1683152877
468,moramanga,-18.9333,48.2,62.56,99,100,2.8,MG,1683152878
469,pyhajarvi,67.0701,27.2176,24.53,90,79,9.91,FI,1683152878
470,williams lake,52.1415,-122.1445,83.05,33,40,4.61,CA,1683152748
471,tsiombe,-25.3,45.4833,67.98,73,36,10.74,MG,1683152878
472,mukalla,14.5425,49.1242,85.19,76,83,2.89,YE,1683152878
473,kaa-khem,51.6833,94.7333,30.72,66,83,4.05,RU,1683152878
474,urumqi,43.801,87.6005,38.35,60,0,11.18,CN,1683152878
475,tottori,35.5,134.2333,62.67,72,0,8.05,JP,1683152879
476,vadso,70.0744,29.7487,29.28,69,75,12.66,NO,1683152879
477,krasnovishersk,60.4078,57.082,44.6,96,11,4.14,RU,1683152711
478,juneau,58.3019,-134.4197,47.41,49,100,4.61,US,1683152869
479,new plymouth,-39.0667,174.0833,63.55,1,100,17.52,NZ,1683152879
480,arvayheer,46.2639,102.775,32.49,79,84,2.77,MN,1683152879
481,yuzhno-kurilsk,44.0306,145.8556,49.86,72,93,4.34,RU,1683152879
482,novooleksiyivka,46.2269,34.6428,52.48,70,7,7.02,UA,1683152880
483,zhezqazghan,47.7833,67.7667,43.3,37,0,12.35,KZ,1683152880
484,kyzyl-mazhalyk,51.1333,90.6,29.28,64,93,2.42,RU,1683152880
485,mandalgovi,45.7625,106.2708,38.25,44,100,13.29,MN,1683152880
486,la passe,45.5549,-0.8967,66.43,68,100,12.82,FR,1683152880
487,hami,42.8,93.45,49.12,20,54,16.6,CN,1683152880
488,bam,29.105999999999998,58.357,77.83,16,3,6.04,IR,1683152881
489,dabou,5.3256,-4.3769,80.49,85,68,8.08,CI,1683152881
490,floresti,47.8933,28.3014,50.2,68,93,6.55,MD,1683152881
491,fada n'gourma,12.0622,0.3578,96.08,24,54,1.03,BF,1683152881
492,perryton,36.4,-100.8027,73.33,35,40,19.57,US,1683152872
493,tulle,45.3333,1.8333,53.49,72,98,3.51,FR,1683152882
494,kone,-21.0595,164.8658,81.37,71,0,1.57,NC,1683152882
495,cestos city,5.46,-9.5828,81.9,81,93,11.12,LR,1683152883
496,itamaraca,-7.7478,-34.8256,82.45,80,64,6.69,BR,1683152883
497,kabansk,52.0486,106.6528,30.58,66,45,1.48,RU,1683152883
498,alaghsas,17.0187,8.0168,88.63,12,4,4.7,NE,1683152884
499,north haven,41.3909,-72.8595,59.36,58,0,6.91,US,1683152672
500,kokopo,-4.352,152.2633,80.87,72,69,2.89,PG,1683152884
501,wenchang,30.904,118.4887,71.26,88,100,6.71,CN,1683152884
502,cortez,37.3489,-108.5859,75.96,18,0,13.8,US,1683152885
503,tupaciguara,-18.5922,-48.705,65.95,52,0,2.66,BR,1683152885
504,tegueste,28.5167,-16.3167,66.67,90,75,13.8,ES,1683152885
505,barcelos,41.5388,-8.6151,61.68,94,36,4.59,PT,1683152885
506,franceville,-1.6333,13.5836,74.44,90,89,2.66,GA,1683152886
507,vanino,49.0869,140.2543,58.17,42,95,7.0,RU,1683152886
508,huarmey,-10.0681,-78.1522,77.27,76,22,10.47,PE,1683152886
509,nueva palestina,15.8,-92.75,95.11,27,55,2.68,MX,1683152887
510,fuente obejuna,38.2667,-5.4167,57.56,68,0,5.03,ES,1683152887
511,ghanzi,-21.5667,21.7833,70.65,36,4,9.13,BW,1683152887
512,newcastle,-32.9272,151.7765,58.82,58,0,9.22,AU,1683152888
513,songea,-10.6833,35.65,60.15,88,0,0.0,TZ,1683152888
514,leua,48.2156,18.6071,48.72,87,93,3.98,SK,1683152888
515,goz beida,13.95,20.55,85.57,18,91,3.65,TD,1683152889
516,mweka,-4.85,21.5667,67.93,99,99,2.04,CD,1683152889
517,mulino,56.2892,42.9201,50.25,92,100,4.34,RU,1683152889
518,oban,56.4127,-5.4706,56.37,87,100,4.9,GB,1683152890
519,stronie slaskie,50.2955,16.874000000000002,43.27,82,3,1.95,PL,1683152890
520,chulucanas,-5.0925,-80.1625,87.06,59,37,1.92,PE,1683152890
521,cidreira,-30.1811,-50.2056,68.7,94,100,16.91,BR,1683152890
522,st. thomas,42.7736,-81.1804,47.48,86,100,16.37,CA,1683152890
523,labrador city,52.9463,-66.9114,46.31,57,75,9.22,CA,1683152891
524,filey,54.21,-0.2892,46.78,83,100,4.0,GB,1683152891
525,miranda,3.2499,-76.2281,82.53,73,97,1.54,CO,1683152891
526,lai,9.3952,16.2989,82.35,55,89,4.65,TD,1683152891
527,sola,-13.8833,167.55,81.82,78,86,19.42,VU,1683152892
528,santana,-0.0583,-51.1817,78.98,100,100,3.44,BR,1683152828
529,raduzhny,62.0961,77.475,36.73,93,100,7.34,RU,1683152893
530,avanigadda,16.0215,80.9181,80.33,80,87,4.12,IN,1683152893
531,mogocha,53.7333,119.7667,33.22,71,79,3.89,RU,1683152893
532,lerwick,60.1545,-1.1494,44.6,78,100,13.51,GB,1683152894
533,afif,23.9065,42.9172,82.26,20,97,17.16,SA,1683152894
534,noshiro,40.2039,140.0242,54.64,69,0,8.08,JP,1683152895
535,cadereyta,25.5833,-99.9833,85.68,53,99,12.82,MX,1683152895
536,carutapera,-1.195,-46.02,76.73,91,98,6.96,BR,1683152895
537,yantarnyy,54.8717,19.9381,35.46,81,0,5.1,RU,1683152895
538,kerrville,30.0474,-99.1403,85.55,46,40,9.22,US,1683152795
539,winslow,35.0242,-110.6974,80.78,12,0,17.27,US,1683152724
540,kutum,14.2,24.6667,78.35,9,100,11.39,SD,1683152896
541,vavoua,7.3819,-6.4778,81.19,63,77,6.67,CI,1683152897
542,licheng,23.2955,113.8284,72.55,94,6,3.83,CN,1683152897
543,cambria,35.5641,-121.0808,58.62,87,100,7.0,US,1683152898
544,buenaventura,3.8801,-77.0312,81.97,84,93,3.85,CO,1683152898
545,san luis,-33.295,-66.3356,56.68,35,0,7.74,AR,1683152696
546,atbara,17.7022,33.9864,84.34,12,6,11.21,SD,1683152899
547,holualoa,19.6228,-155.9522,78.64,76,20,11.5,US,1683152900
548,saudarkrokur,65.7461,-19.6394,41.07,69,79,1.97,IS,1683152900
549,abepura,-2.6333,140.5833,81.41,74,20,0.0,ID,1683152901
550,primero de mayo,-32.2552,-58.4228,61.56,49,41,7.67,AR,1683152902
551,pembroke,45.8168,-77.1162,49.98,96,100,8.88,CA,1683152902
552,moa,20.6569,-74.9403,83.25,71,96,5.19,CU,1683152902
553,saint-joseph,-21.3667,55.6167,71.98,80,49,8.75,RE,1683152903
554,greymouth,-42.4667,171.2,60.58,91,100,5.06,NZ,1683152903
555,piti village,13.4626,144.6933,83.28,77,20,8.05,GU,1683152903
556,san,13.3034,-4.8956,96.48,20,49,7.16,ML,1683152903
557,cabedelo,-6.9811,-34.8339,81.27,79,50,8.37,BR,1683152697
558,shahrak,34.1074,64.3052,54.0,49,99,1.59,AF,1683152905
559,bac lieu,9.285,105.7244,83.41,76,100,9.42,VN,1683152905
560,belyy yar,53.6039,91.3903,28.29,93,0,0.0,RU,1683152906
561,chalon-sur-saone,46.7833,4.85,51.22,91,9,3.02,FR,1683152907
562,prince george,53.9166,-122.75299999999999,79.25,22,0,4.61,CA,1683152726
563,ha'il,27.5219,41.6907,73.42,28,0,9.22,SA,1683152909
564,nishinoomote,30.7333,131.0,68.76,72,96,12.41,JP,1683152912
565,margherita,27.2833,95.6833,66.92,98,88,1.72,IN,1683152913
566,dubbo,-32.25,148.6167,46.53,87,0,2.3,AU,1683152913
567,katoomba,-33.7198,150.3074,46.04,67,0,3.49,AU,1683152913
568,santa marta de ortigueira,43.6833,-7.85,59.25,87,97,4.0,ES,1683152914
569,neiafu,-18.65,-173.9833,79.48,78,40,14.97,TO,1683152914
570,alakurtti,66.9672,30.3491,27.19,85,100,8.9,RU,1683152915
